Workbook

Sheet Inputs
A1: Gross Plot Area (sqm) | B1: 1500
A2: DP Road / Setback Deduction (sqm) | B2: 0
A3: Net Plot Area (sqm) | B3: =B1-B2
A4: Conservative FSI | B4: 1.25
A5: Realistic FSI | B5: 1.5
A6: Maximum FSI | B6: 2
A7: Rehab Area (sqm) | B7: 1710
A8: TDR Loading (%) | B8: 0.25
A9: Premium FSI Rate | B9: Enter ASR Linked Rate

Sheet Feasibility Output
A1: Scenario | B1: Formula Logic | C1: Effective FSI | D1: Buildable BUA (sqm) | E1: Buildable BUA (sqft) | F1: Sale Component (sqm)
A2: Conservative | B2: Existing + Free Incentive | C2: =Inputs!B4 | D2: =Inputs!B3*C2 | E2: =D2*10.7639 | F2: =D2-Inputs!B7
A3: Realistic | B3: Existing + Incentive + Premium FSI | C3: =Inputs!B5 | D3: =Inputs!B3*C3 | E3: =D3*10.7639 | F3: =D3-Inputs!B7
A4: Maximum | B4: Existing + Incentive + Premium + TDR | C4: =Inputs!B6 | D4: =Inputs!B3*C4 | E4: =D4*10.7639 | F4: =D4-Inputs!B7

Sheet Member Entitlement
A1: Flat Type | B1: Count | C1: Existing Carpet (sqm) | D1: Guaranteed Area (sqm) | E1: Realistic Low (sqm) | F1: Realistic High (sqm)
A2: 1BHK | B2: 12 | C2: 32 | D2: =C2 | E2: =C2*1.2 | F2: =C2*1.3
A3: 2BHK | B3: 10 | C3: 56 | D3: =C3 | E3: =C3*1.2 | F3: =C3*1.3
A4: 3BHK | B4: 2 | C4: 88 | D4: =C4 | E4: =C4*1.2 | F4: =C4*1.3

Sheet Technical Statement
A1: No | B1: Item | C1: Formula / Value | D1: Unit
A2: 1 | B2: Gross Plot Area | C2: =Inputs!B1 | D2: sqm
A3: 2 | B3: Less: DP Road/Setback | C3: =Inputs!B2 | D3: sqm
A4: 3 | B4: Net Plot Area | C4: =Inputs!B3 | D4: sqm
A5: 4 | B5: Conservative BUA | C5: =Inputs!B3*Inputs!B4 | D5: sqm
A6: 5 | B6: Realistic BUA | C6: =Inputs!B3*Inputs!B5 | D6: sqm
A7: 6 | B7: Maximum BUA | C7: =Inputs!B3*Inputs!B6 | D7: sqm
